f1,f2,value
"ES Business@Mail Payrolls - Manual de usuario.txt","ES Business@Mail Payrolls - Manual de usuario.txt",0.9999999999999999
"ES Business@Mail Payrolls - Manual de usuario.txt","ES CRP FLOW Manual de usuario.txt",0.22600271241225692
"ES Business@Mail Payrolls - Manual de usuario.txt","ES DVD Manual de Usuario.txt",0.5901284246074777
"ES Business@Mail Payrolls - Manual de usuario.txt","ES EAS Manual de Usuario.txt",0.4116323129081105
"ES Business@Mail Payrolls - Manual de usuario.txt","ES EBIMAP Anexo Funciones EdiwinScript.txt",0.1804868613249779
"ES Business@Mail Payrolls - Manual de usuario.txt","ES EBIMAP Anexo Sintaxis JavaScript.txt",0.12319911179860571
"ES Business@Mail Payrolls - Manual de usuario.txt","ES EBIMAP Manual de usuario.txt",0.22890797787665415
"ES Business@Mail Payrolls - Manual de usuario.txt","ES EBIMON Manual Usuario.txt",0.2545957979240739
"ES Business@Mail Payrolls - Manual de usuario.txt","ES EDICOM TSA Manual de usuario.txt",0.14870898717492637
"ES Business@Mail Payrolls - Manual de usuario.txt","ES EDICOMDATA Manual de usuario.txt",0.3119854906479814
"ES Business@Mail Payrolls - Manual de usuario.txt","ES EDICOMNET Manual Usuario.txt",0.35272669932417167
"ES Business@Mail Payrolls - Manual de usuario.txt","ES EDICOMSuite Manual de usuario.txt",0.41571898781397665
"ES Business@Mail Payrolls - Manual de usuario.txt","ES EDIWIN ASP Manual de usuario.txt",0.60421008908499
"ES Business@Mail Payrolls - Manual de usuario.txt","ES EDIWIN Manual Usuario.txt",0.5163261067590564
"ES Business@Mail Payrolls - Manual de usuario.txt","ES EDIWIN Message Viewer Manual de usuario.txt",0.5837112887271378
"ES Business@Mail Payrolls - Manual de usuario.txt","ES EDIWIN Message viewer Manual de usuario_ayunt_VLC.txt",0.5027576693347486
"ES Business@Mail Payrolls - Manual de usuario.txt","ES EDIWIN Viewer Extendido Manual de usuario.txt",0.5762051428330918
"ES Business@Mail Payrolls - Manual de usuario.txt","ES EDIWINMONITOR Manual de usuario.txt",0.5566546337420225
"ES Business@Mail Payrolls - Manual de usuario.txt","ES EOS Manual de usuario.txt",0.43313729950011703
"ES Business@Mail Payrolls - Manual de usuario.txt","ES RAEDICOM Manual de Usuario.txt",0.3109406106857386
"ES Business@Mail Payrolls - Manual de usuario.txt","ES WebService Inditex Guia de usuario.txt",0.36735849286628236
"ES Business@Mail Payrolls - Manual de usuario.txt","ES_BMPAYROLLS_manual_de_usuario_publicador.txt",0.8183422523877032
"ES Business@Mail Payrolls - Manual de usuario.txt","ES_BMPHARMA_manual_de_usuario_destinatario.txt",0.7167092704673419
"ES Business@Mail Payrolls - Manual de usuario.txt","ES_BMPHARMA_manual_de_usuario_publicador.txt",0.7169177500793791
"ES Business@Mail Payrolls - Manual de usuario.txt","ES_MANUAL_EBI - Edicom Business Integrator.txt",0.32566269480250337
"ES Business@Mail Payrolls - Manual de usuario.txt","ES_MANUAL_EBI_anexo_EbimanagerWeb.txt",0.46088874346066216
"ES Business@Mail Payrolls - Manual de usuario.txt","ES_MANUAL_EBI_anexo_integracion_ftp.txt",0.2427301673758602
"ES CRP FLOW Manual de usuario.txt","ES Business@Mail Payrolls - Manual de usuario.txt",0.22600271241225692
"ES CRP FLOW Manual de usuario.txt","ES CRP FLOW Manual de usuario.txt",1.0
"ES CRP FLOW Manual de usuario.txt","ES DVD Manual de Usuario.txt",0.3201217683487242
"ES CRP FLOW Manual de usuario.txt","ES EAS Manual de Usuario.txt",0.24297426771458436
"ES CRP FLOW Manual de usuario.txt","ES EBIMAP Anexo Funciones EdiwinScript.txt",0.24035505692448372
"ES CRP FLOW Manual de usuario.txt","ES EBIMAP Anexo Sintaxis JavaScript.txt",0.17052534973450778
"ES CRP FLOW Manual de usuario.txt","ES EBIMAP Manual de usuario.txt",0.4699868617625548
"ES CRP FLOW Manual de usuario.txt","ES EBIMON Manual Usuario.txt",0.35120814408906553
"ES CRP FLOW Manual de usuario.txt","ES EDICOM TSA Manual de usuario.txt",0.12786980507106374
"ES CRP FLOW Manual de usuario.txt","ES EDICOMDATA Manual de usuario.txt",0.25754090174699124
"ES CRP FLOW Manual de usuario.txt","ES EDICOMNET Manual Usuario.txt",0.19829991981450037
"ES CRP FLOW Manual de usuario.txt","ES EDICOMSuite Manual de usuario.txt",0.2681140917455833
"ES CRP FLOW Manual de usuario.txt","ES EDIWIN ASP Manual de usuario.txt",0.34456160910052186
"ES CRP FLOW Manual de usuario.txt","ES EDIWIN Manual Usuario.txt",0.43536785917852894
"ES CRP FLOW Manual de usuario.txt","ES EDIWIN Message Viewer Manual de usuario.txt",0.3339192764245781
"ES CRP FLOW Manual de usuario.txt","ES EDIWIN Message viewer Manual de usuario_ayunt_VLC.txt",0.22755239490669724
"ES CRP FLOW Manual de usuario.txt","ES EDIWIN Viewer Extendido Manual de usuario.txt",0.3383645064832815
"ES CRP FLOW Manual de usuario.txt","ES EDIWINMONITOR Manual de usuario.txt",0.25553800688433365
"ES CRP FLOW Manual de usuario.txt","ES EOS Manual de usuario.txt",0.2663473943944955
"ES CRP FLOW Manual de usuario.txt","ES RAEDICOM Manual de Usuario.txt",0.4082765356902352
"ES CRP FLOW Manual de usuario.txt","ES WebService Inditex Guia de usuario.txt",0.14086323910057955
"ES CRP FLOW Manual de usuario.txt","ES_BMPAYROLLS_manual_de_usuario_publicador.txt",0.26553713688020675
"ES CRP FLOW Manual de usuario.txt","ES_BMPHARMA_manual_de_usuario_destinatario.txt",0.2869165664467894
"ES CRP FLOW Manual de usuario.txt","ES_BMPHARMA_manual_de_usuario_publicador.txt",0.2656479577951544
"ES CRP FLOW Manual de usuario.txt","ES_MANUAL_EBI - Edicom Business Integrator.txt",0.23785362112799663
"ES CRP FLOW Manual de usuario.txt","ES_MANUAL_EBI_anexo_EbimanagerWeb.txt",0.2560737916271755
"ES CRP FLOW Manual de usuario.txt","ES_MANUAL_EBI_anexo_integracion_ftp.txt",0.12910404993966368
"ES DVD Manual de Usuario.txt","ES Business@Mail Payrolls - Manual de usuario.txt",0.5901284246074777
"ES DVD Manual de Usuario.txt","ES CRP FLOW Manual de usuario.txt",0.3201217683487242
"ES DVD Manual de Usuario.txt","ES DVD Manual de Usuario.txt",1.0
"ES DVD Manual de Usuario.txt","ES EAS Manual de Usuario.txt",0.48897201894120185
"ES DVD Manual de Usuario.txt","ES EBIMAP Anexo Funciones EdiwinScript.txt",0.2637373297634416
"ES DVD Manual de Usuario.txt","ES EBIMAP Anexo Sintaxis JavaScript.txt",0.18500275937940147
"ES DVD Manual de Usuario.txt","ES EBIMAP Manual de usuario.txt",0.2911768301895761
"ES DVD Manual de Usuario.txt","ES EBIMON Manual Usuario.txt",0.264530092765389
"ES DVD Manual de Usuario.txt","ES EDICOM TSA Manual de usuario.txt",0.16976796938404912
"ES DVD Manual de Usuario.txt","ES EDICOMDATA Manual de usuario.txt",0.36459357015078303
"ES DVD Manual de Usuario.txt","ES EDICOMNET Manual Usuario.txt",0.37957649975564506
"ES DVD Manual de Usuario.txt","ES EDICOMSuite Manual de usuario.txt",0.5030985201511586
"ES DVD Manual de Usuario.txt","ES EDIWIN ASP Manual de usuario.txt",0.7307159017847661
"ES DVD Manual de Usuario.txt","ES EDIWIN Manual Usuario.txt",0.6228043940048081
"ES DVD Manual de Usuario.txt","ES EDIWIN Message Viewer Manual de usuario.txt",0.7865851170784641
"ES DVD Manual de Usuario.txt","ES EDIWIN Message viewer Manual de usuario_ayunt_VLC.txt",0.6048668332464768
"ES DVD Manual de Usuario.txt","ES EDIWIN Viewer Extendido Manual de usuario.txt",0.7781321670105744
"ES DVD Manual de Usuario.txt","ES EDIWINMONITOR Manual de usuario.txt",0.6285554696560451
"ES DVD Manual de Usuario.txt","ES EOS Manual de usuario.txt",0.5160743584798695
"ES DVD Manual de Usuario.txt","ES RAEDICOM Manual de Usuario.txt",0.2835314985245166
"ES DVD Manual de Usuario.txt","ES WebService Inditex Guia de usuario.txt",0.40246519912908785
"ES DVD Manual de Usuario.txt","ES_BMPAYROLLS_manual_de_usuario_publicador.txt",0.7618953861869978
"ES DVD Manual de Usuario.txt","ES_BMPHARMA_manual_de_usuario_destinatario.txt",0.7534174395255905
"ES DVD Manual de Usuario.txt","ES_BMPHARMA_manual_de_usuario_publicador.txt",0.7440969090749081
"ES DVD Manual de Usuario.txt","ES_MANUAL_EBI - Edicom Business Integrator.txt",0.3782351571912564
"ES DVD Manual de Usuario.txt","ES_MANUAL_EBI_anexo_EbimanagerWeb.txt",0.5172151479043791
"ES DVD Manual de Usuario.txt","ES_MANUAL_EBI_anexo_integracion_ftp.txt",0.2923012382859277
"ES EAS Manual de Usuario.txt","ES Business@Mail Payrolls - Manual de usuario.txt",0.4116323129081105
"ES EAS Manual de Usuario.txt","ES CRP FLOW Manual de usuario.txt",0.24297426771458436
"ES EAS Manual de Usuario.txt","ES DVD Manual de Usuario.txt",0.48897201894120185
"ES EAS Manual de Usuario.txt","ES EAS Manual de Usuario.txt",1.0000000000000002
"ES EAS Manual de Usuario.txt","ES EBIMAP Anexo Funciones EdiwinScript.txt",0.25422250868118285
"ES EAS Manual de Usuario.txt","ES EBIMAP Anexo Sintaxis JavaScript.txt",0.14586785710729644
"ES EAS Manual de Usuario.txt","ES EBIMAP Manual de usuario.txt",0.24421591160235306
"ES EAS Manual de Usuario.txt","ES EBIMON Manual Usuario.txt",0.294256331697841
"ES EAS Manual de Usuario.txt","ES EDICOM TSA Manual de usuario.txt",0.23987681153804233
"ES EAS Manual de Usuario.txt","ES EDICOMDATA Manual de usuario.txt",0.3365734699702149
"ES EAS Manual de Usuario.txt","ES EDICOMNET Manual Usuario.txt",0.525432520760637
"ES EAS Manual de Usuario.txt","ES EDICOMSuite Manual de usuario.txt",0.5197147615366502
"ES EAS Manual de Usuario.txt","ES EDIWIN ASP Manual de usuario.txt",0.5562857539594668
"ES EAS Manual de Usuario.txt","ES EDIWIN Manual Usuario.txt",0.44426090856831163
"ES EAS Manual de Usuario.txt","ES EDIWIN Message Viewer Manual de usuario.txt",0.5303859021208762
"ES EAS Manual de Usuario.txt","ES EDIWIN Message viewer Manual de usuario_ayunt_VLC.txt",0.38274403798232043
"ES EAS Manual de Usuario.txt","ES EDIWIN Viewer Extendido Manual de usuario.txt",0.5225754663997909
"ES EAS Manual de Usuario.txt","ES EDIWINMONITOR Manual de usuario.txt",0.5011150592808742
"ES EAS Manual de Usuario.txt","ES EOS Manual de usuario.txt",0.6841979812159406
"ES EAS Manual de Usuario.txt","ES RAEDICOM Manual de Usuario.txt",0.37210612852836566
"ES EAS Manual de Usuario.txt","ES WebService Inditex Guia de usuario.txt",0.3572592791768138
"ES EAS Manual de Usuario.txt","ES_BMPAYROLLS_manual_de_usuario_publicador.txt",0.47788659903638847
"ES EAS Manual de Usuario.txt","ES_BMPHARMA_manual_de_usuario_destinatario.txt",0.4638135438761909
"ES EAS Manual de Usuario.txt","ES_BMPHARMA_manual_de_usuario_publicador.txt",0.49061112574710913
"ES EAS Manual de Usuario.txt","ES_MANUAL_EBI - Edicom Business Integrator.txt",0.4798790314002654
"ES EAS Manual de Usuario.txt","ES_MANUAL_EBI_anexo_EbimanagerWeb.txt",0.5692405955955754
"ES EAS Manual de Usuario.txt","ES_MANUAL_EBI_anexo_integracion_ftp.txt",0.2220112565277334
"ES EBIMAP Anexo Funciones EdiwinScript.txt","ES Business@Mail Payrolls - Manual de usuario.txt",0.1804868613249779
"ES EBIMAP Anexo Funciones EdiwinScript.txt","ES CRP FLOW Manual de usuario.txt",0.24035505692448372
"ES EBIMAP Anexo Funciones EdiwinScript.txt","ES DVD Manual de Usuario.txt",0.2637373297634416
"ES EBIMAP Anexo Funciones EdiwinScript.txt","ES EAS Manual de Usuario.txt",0.25422250868118285
"ES EBIMAP Anexo Funciones EdiwinScript.txt","ES EBIMAP Anexo Funciones EdiwinScript.txt",1.0000000000000002
"ES EBIMAP Anexo Funciones EdiwinScript.txt","ES EBIMAP Anexo Sintaxis JavaScript.txt",0.33864447047000856
"ES EBIMAP Anexo Funciones EdiwinScript.txt","ES EBIMAP Manual de usuario.txt",0.4256277121531066
"ES EBIMAP Anexo Funciones EdiwinScript.txt","ES EBIMON Manual Usuario.txt",0.19311686239072895
"ES EBIMAP Anexo Funciones EdiwinScript.txt","ES EDICOM TSA Manual de usuario.txt",0.14849024314582313
"ES EBIMAP Anexo Funciones EdiwinScript.txt","ES EDICOMDATA Manual de usuario.txt",0.16671819295683843
"ES EBIMAP Anexo Funciones EdiwinScript.txt","ES EDICOMNET Manual Usuario.txt",0.18246528305787518
"ES EBIMAP Anexo Funciones EdiwinScript.txt","ES EDICOMSuite Manual de usuario.txt",0.2403730792833615
"ES EBIMAP Anexo Funciones EdiwinScript.txt","ES EDIWIN ASP Manual de usuario.txt",0.31218098254507265
"ES EBIMAP Anexo Funciones EdiwinScript.txt","ES EDIWIN Manual Usuario.txt",0.3277178842866938
"ES EBIMAP Anexo Funciones EdiwinScript.txt","ES EDIWIN Message Viewer Manual de usuario.txt",0.30798350015117565
"ES EBIMAP Anexo Funciones EdiwinScript.txt","ES EDIWIN Message viewer Manual de usuario_ayunt_VLC.txt",0.2825477470560006
"ES EBIMAP Anexo Funciones EdiwinScript.txt","ES EDIWIN Viewer Extendido Manual de usuario.txt",0.31658605009609647
"ES EBIMAP Anexo Funciones EdiwinScript.txt","ES EDIWINMONITOR Manual de usuario.txt",0.2739082100945276
"ES EBIMAP Anexo Funciones EdiwinScript.txt","ES EOS Manual de usuario.txt",0.20396274205357434
"ES EBIMAP Anexo Funciones EdiwinScript.txt","ES RAEDICOM Manual de Usuario.txt",0.17559088790215632
"ES EBIMAP Anexo Funciones EdiwinScript.txt","ES WebService Inditex Guia de usuario.txt",0.21025211774802216
"ES EBIMAP Anexo Funciones EdiwinScript.txt","ES_BMPAYROLLS_manual_de_usuario_publicador.txt",0.21408006732711463
"ES EBIMAP Anexo Funciones EdiwinScript.txt","ES_BMPHARMA_manual_de_usuario_destinatario.txt",0.222152600328602
"ES EBIMAP Anexo Funciones EdiwinScript.txt","ES_BMPHARMA_manual_de_usuario_publicador.txt",0.22535237816736162
"ES EBIMAP Anexo Funciones EdiwinScript.txt","ES_MANUAL_EBI - Edicom Business Integrator.txt",0.3857827369784286
"ES EBIMAP Anexo Funciones EdiwinScript.txt","ES_MANUAL_EBI_anexo_EbimanagerWeb.txt",0.24871308126160174
"ES EBIMAP Anexo Funciones EdiwinScript.txt","ES_MANUAL_EBI_anexo_integracion_ftp.txt",0.16953115042545555
"ES EBIMAP Anexo Sintaxis JavaScript.txt","ES Business@Mail Payrolls - Manual de usuario.txt",0.12319911179860596
"ES EBIMAP Anexo Sintaxis JavaScript.txt","ES CRP FLOW Manual de usuario.txt",0.17052534973450778
"ES EBIMAP Anexo Sintaxis JavaScript.txt","ES DVD Manual de Usuario.txt",0.1850027593794014
"ES EBIMAP Anexo Sintaxis JavaScript.txt","ES EAS Manual de Usuario.txt",0.14586785710729644
"ES EBIMAP Anexo Sintaxis JavaScript.txt","ES EBIMAP Anexo Funciones EdiwinScript.txt",0.33864447047000856
"ES EBIMAP Anexo Sintaxis JavaScript.txt","ES EBIMAP Anexo Sintaxis JavaScript.txt",1.0000000000000002
"ES EBIMAP Anexo Sintaxis JavaScript.txt","ES EBIMAP Manual de usuario.txt",0.2472330302878935
"ES EBIMAP Anexo Sintaxis JavaScript.txt","ES EBIMON Manual Usuario.txt",0.17462962402891585
"ES EBIMAP Anexo Sintaxis JavaScript.txt","ES EDICOM TSA Manual de usuario.txt",0.3168262602650326
"ES EBIMAP Anexo Sintaxis JavaScript.txt","ES EDICOMDATA Manual de usuario.txt",0.12256913047314036
"ES EBIMAP Anexo Sintaxis JavaScript.txt","ES EDICOMNET Manual Usuario.txt",0.1418179552303091
"ES EBIMAP Anexo Sintaxis JavaScript.txt","ES EDICOMSuite Manual de usuario.txt",0.12295462164704057
"ES EBIMAP Anexo Sintaxis JavaScript.txt","ES EDIWIN ASP Manual de usuario.txt",0.19679259853165754
"ES EBIMAP Anexo Sintaxis JavaScript.txt","ES EDIWIN Manual Usuario.txt",0.18328962060191567
"ES EBIMAP Anexo Sintaxis JavaScript.txt","ES EDIWIN Message Viewer Manual de usuario.txt",0.19238866732354157
"ES EBIMAP Anexo Sintaxis JavaScript.txt","ES EDIWIN Message viewer Manual de usuario_ayunt_VLC.txt",0.18066182509911619
"ES EBIMAP Anexo Sintaxis JavaScript.txt","ES EDIWIN Viewer Extendido Manual de usuario.txt",0.19964926683630632
"ES EBIMAP Anexo Sintaxis JavaScript.txt","ES EDIWINMONITOR Manual de usuario.txt",0.16147723973597247
"ES EBIMAP Anexo Sintaxis JavaScript.txt","ES EOS Manual de usuario.txt",0.12013753303877835
"ES EBIMAP Anexo Sintaxis JavaScript.txt","ES RAEDICOM Manual de Usuario.txt",0.1295173733043372
"ES EBIMAP Anexo Sintaxis JavaScript.txt","ES WebService Inditex Guia de usuario.txt",0.17561676832674386
"ES EBIMAP Anexo Sintaxis JavaScript.txt","ES_BMPAYROLLS_manual_de_usuario_publicador.txt",0.13409268946133623
"ES EBIMAP Anexo Sintaxis JavaScript.txt","ES_BMPHARMA_manual_de_usuario_destinatario.txt",0.13887797916343045
"ES EBIMAP Anexo Sintaxis JavaScript.txt","ES_BMPHARMA_manual_de_usuario_publicador.txt",0.13782572433261714
"ES EBIMAP Anexo Sintaxis JavaScript.txt","ES_MANUAL_EBI - Edicom Business Integrator.txt",0.2882197259359699
"ES EBIMAP Anexo Sintaxis JavaScript.txt","ES_MANUAL_EBI_anexo_EbimanagerWeb.txt",0.1492778225608323
"ES EBIMAP Anexo Sintaxis JavaScript.txt","ES_MANUAL_EBI_anexo_integracion_ftp.txt",0.09548383150300856
"ES EBIMAP Manual de usuario.txt","ES Business@Mail Payrolls - Manual de usuario.txt",0.22890797787665415
"ES EBIMAP Manual de usuario.txt","ES CRP FLOW Manual de usuario.txt",0.4699868617625548
"ES EBIMAP Manual de usuario.txt","ES DVD Manual de Usuario.txt",0.2911768301895761
"ES EBIMAP Manual de usuario.txt","ES EAS Manual de Usuario.txt",0.2442159116023531
"ES EBIMAP Manual de usuario.txt","ES EBIMAP Anexo Funciones EdiwinScript.txt",0.4256277121531066
"ES EBIMAP Manual de usuario.txt","ES EBIMAP Anexo Sintaxis JavaScript.txt",0.24723303028789512
"ES EBIMAP Manual de usuario.txt","ES EBIMAP Manual de usuario.txt",1.0000000000000002
"ES EBIMAP Manual de usuario.txt","ES EBIMON Manual Usuario.txt",0.3305355182288215
"ES EBIMAP Manual de usuario.txt","ES EDICOM TSA Manual de usuario.txt",0.13386077310511252
"ES EBIMAP Manual de usuario.txt","ES EDICOMDATA Manual de usuario.txt",0.2580398924944732
"ES EBIMAP Manual de usuario.txt","ES EDICOMNET Manual Usuario.txt",0.2050000695376489
"ES EBIMAP Manual de usuario.txt","ES EDICOMSuite Manual de usuario.txt",0.3661066407452153
"ES EBIMAP Manual de usuario.txt","ES EDIWIN ASP Manual de usuario.txt",0.34862311072402374
"ES EBIMAP Manual de usuario.txt","ES EDIWIN Manual Usuario.txt",0.460458984787647
"ES EBIMAP Manual de usuario.txt","ES EDIWIN Message Viewer Manual de usuario.txt",0.3360202305337264
"ES EBIMAP Manual de usuario.txt","ES EDIWIN Message viewer Manual de usuario_ayunt_VLC.txt",0.19860855374513253
"ES EBIMAP Manual de usuario.txt","ES EDIWIN Viewer Extendido Manual de usuario.txt",0.34135265031094336
"ES EBIMAP Manual de usuario.txt","ES EDIWINMONITOR Manual de usuario.txt",0.2567158845962338
"ES EBIMAP Manual de usuario.txt","ES EOS Manual de usuario.txt",0.27073266627860065
"ES EBIMAP Manual de usuario.txt","ES RAEDICOM Manual de Usuario.txt",0.4048659910124623
"ES EBIMAP Manual de usuario.txt","ES WebService Inditex Guia de usuario.txt",0.15813431278097356
"ES EBIMAP Manual de usuario.txt","ES_BMPAYROLLS_manual_de_usuario_publicador.txt",0.28445906721584097
"ES EBIMAP Manual de usuario.txt","ES_BMPHARMA_manual_de_usuario_destinatario.txt",0.29489937363233415
"ES EBIMAP Manual de usuario.txt","ES_BMPHARMA_manual_de_usuario_publicador.txt",0.27929749141393745
"ES EBIMAP Manual de usuario.txt","ES_MANUAL_EBI - Edicom Business Integrator.txt",0.292208186943892
"ES EBIMAP Manual de usuario.txt","ES_MANUAL_EBI_anexo_EbimanagerWeb.txt",0.3043126374531508
"ES EBIMAP Manual de usuario.txt","ES_MANUAL_EBI_anexo_integracion_ftp.txt",0.1326165769900477
"ES EBIMON Manual Usuario.txt","ES Business@Mail Payrolls - Manual de usuario.txt",0.2545957979240739
"ES EBIMON Manual Usuario.txt","ES CRP FLOW Manual de usuario.txt",0.35120814408906553
"ES EBIMON Manual Usuario.txt","ES DVD Manual de Usuario.txt",0.264530092765389
"ES EBIMON Manual Usuario.txt","ES EAS Manual de Usuario.txt",0.294256331697841
"ES EBIMON Manual Usuario.txt","ES EBIMAP Anexo Funciones EdiwinScript.txt",0.19311686239072895
"ES EBIMON Manual Usuario.txt","ES EBIMAP Anexo Sintaxis JavaScript.txt",0.17462962402891585
"ES EBIMON Manual Usuario.txt","ES EBIMAP Manual de usuario.txt",0.3305355182288215
"ES EBIMON Manual Usuario.txt","ES EBIMON Manual Usuario.txt",1.0
"ES EBIMON Manual Usuario.txt","ES EDICOM TSA Manual de usuario.txt",0.1261228663706325
"ES EBIMON Manual Usuario.txt","ES EDICOMDATA Manual de usuario.txt",0.18375978013200295
"ES EBIMON Manual Usuario.txt","ES EDICOMNET Manual Usuario.txt",0.3777927677651258
"ES EBIMON Manual Usuario.txt","ES EDICOMSuite Manual de usuario.txt",0.22220567743025518
"ES EBIMON Manual Usuario.txt","ES EDIWIN ASP Manual de usuario.txt",0.4056653861204606
"ES EBIMON Manual Usuario.txt","ES EDIWIN Manual Usuario.txt",0.46812121627958553
"ES EBIMON Manual Usuario.txt","ES EDIWIN Message Viewer Manual de usuario.txt",0.34373319472335345
"ES EBIMON Manual Usuario.txt","ES EDIWIN Message viewer Manual de usuario_ayunt_VLC.txt",0.3154153467900072
"ES EBIMON Manual Usuario.txt","ES EDIWIN Viewer Extendido Manual de usuario.txt",0.34881588504066524
"ES EBIMON Manual Usuario.txt","ES EDIWINMONITOR Manual de usuario.txt",0.2606161452749441
"ES EBIMON Manual Usuario.txt","ES EOS Manual de usuario.txt",0.27512393517816974
"ES EBIMON Manual Usuario.txt","ES RAEDICOM Manual de Usuario.txt",0.3373917785304382
"ES EBIMON Manual Usuario.txt","ES WebService Inditex Guia de usuario.txt",0.12633695350946525
"ES EBIMON Manual Usuario.txt","ES_BMPAYROLLS_manual_de_usuario_publicador.txt",0.25111900371021356
"ES EBIMON Manual Usuario.txt","ES_BMPHARMA_manual_de_usuario_destinatario.txt",0.2740811472137237
"ES EBIMON Manual Usuario.txt","ES_BMPHARMA_manual_de_usuario_publicador.txt",0.273100071729618
"ES EBIMON Manual Usuario.txt","ES_MANUAL_EBI - Edicom Business Integrator.txt",0.2627411979753479
"ES EBIMON Manual Usuario.txt","ES_MANUAL_EBI_anexo_EbimanagerWeb.txt",0.31670478030669635
"ES EBIMON Manual Usuario.txt","ES_MANUAL_EBI_anexo_integracion_ftp.txt",0.14238160165746352
"ES EDICOM TSA Manual de usuario.txt","ES Business@Mail Payrolls - Manual de usuario.txt",0.14870898717492637
"ES EDICOM TSA Manual de usuario.txt","ES CRP FLOW Manual de usuario.txt",0.12786980507106374
"ES EDICOM TSA Manual de usuario.txt","ES DVD Manual de Usuario.txt",0.1697679693840491
"ES EDICOM TSA Manual de usuario.txt","ES EAS Manual de Usuario.txt",0.23987681153804233
"ES EDICOM TSA Manual de usuario.txt","ES EBIMAP Anexo Funciones EdiwinScript.txt",0.1484902431458231
"ES EDICOM TSA Manual de usuario.txt","ES EBIMAP Anexo Sintaxis JavaScript.txt",0.3168262602650335
"ES EDICOM TSA Manual de usuario.txt","ES EBIMAP Manual de usuario.txt",0.1338607731051125
"ES EDICOM TSA Manual de usuario.txt","ES EBIMON Manual Usuario.txt",0.126122866370633
"ES EDICOM TSA Manual de usuario.txt","ES EDICOM TSA Manual de usuario.txt",1.0
"ES EDICOM TSA Manual de usuario.txt","ES EDICOMDATA Manual de usuario.txt",0.13928786275879693
"ES EDICOM TSA Manual de usuario.txt","ES EDICOMNET Manual Usuario.txt",0.16001044080642593
"ES EDICOM TSA Manual de usuario.txt","ES EDICOMSuite Manual de usuario.txt",0.14682051159791848
"ES EDICOM TSA Manual de usuario.txt","ES EDIWIN ASP Manual de usuario.txt",0.19071716861335275
"ES EDICOM TSA Manual de usuario.txt","ES EDIWIN Manual Usuario.txt",0.16003088846782046
"ES EDICOM TSA Manual de usuario.txt","ES EDIWIN Message Viewer Manual de usuario.txt",0.18550386116248418
"ES EDICOM TSA Manual de usuario.txt","ES EDIWIN Message viewer Manual de usuario_ayunt_VLC.txt",0.16951024447761154
"ES EDICOM TSA Manual de usuario.txt","ES EDIWIN Viewer Extendido Manual de usuario.txt",0.18767089615862004
"ES EDICOM TSA Manual de usuario.txt","ES EDIWINMONITOR Manual de usuario.txt",0.19022474811940035
"ES EDICOM TSA Manual de usuario.txt","ES EOS Manual de usuario.txt",0.20767288422331362
"ES EDICOM TSA Manual de usuario.txt","ES RAEDICOM Manual de Usuario.txt",0.24487538596678599
"ES EDICOM TSA Manual de usuario.txt","ES WebService Inditex Guia de usuario.txt",0.25551991225925036
"ES EDICOM TSA Manual de usuario.txt","ES_BMPAYROLLS_manual_de_usuario_publicador.txt",0.15702792223085066
"ES EDICOM TSA Manual de usuario.txt","ES_BMPHARMA_manual_de_usuario_destinatario.txt",0.1625178678184583
"ES EDICOM TSA Manual de usuario.txt","ES_BMPHARMA_manual_de_usuario_publicador.txt",0.17376486033977312
"ES EDICOM TSA Manual de usuario.txt","ES_MANUAL_EBI - Edicom Business Integrator.txt",0.3306672074126857
"ES EDICOM TSA Manual de usuario.txt","ES_MANUAL_EBI_anexo_EbimanagerWeb.txt",0.21190727279509947
"ES EDICOM TSA Manual de usuario.txt","ES_MANUAL_EBI_anexo_integracion_ftp.txt",0.10523555444175328
"ES EDICOMDATA Manual de usuario.txt","ES Business@Mail Payrolls - Manual de usuario.txt",0.3119854906479815
"ES EDICOMDATA Manual de usuario.txt","ES CRP FLOW Manual de usuario.txt",0.25754090174699124
"ES EDICOMDATA Manual de usuario.txt","ES DVD Manual de Usuario.txt",0.36459357015078303
"ES EDICOMDATA Manual de usuario.txt","ES EAS Manual de Usuario.txt",0.3365734699702149
"ES EDICOMDATA Manual de usuario.txt","ES EBIMAP Anexo Funciones EdiwinScript.txt",0.16671819295683843
"ES EDICOMDATA Manual de usuario.txt","ES EBIMAP Anexo Sintaxis JavaScript.txt",0.12256913047314036
"ES EDICOMDATA Manual de usuario.txt","ES EBIMAP Manual de usuario.txt",0.2580398924944732
"ES EDICOMDATA Manual de usuario.txt","ES EBIMON Manual Usuario.txt",0.18375978013200295
"ES EDICOMDATA Manual de usuario.txt","ES EDICOM TSA Manual de usuario.txt",0.1392878627587967
"ES EDICOMDATA Manual de usuario.txt","ES EDICOMDATA Manual de usuario.txt",0.9999999999999999
"ES EDICOMDATA Manual de usuario.txt","ES EDICOMNET Manual Usuario.txt",0.2736727377625159
"ES EDICOMDATA Manual de usuario.txt","ES EDICOMSuite Manual de usuario.txt",0.36023167501730596
"ES EDICOMDATA Manual de usuario.txt","ES EDIWIN ASP Manual de usuario.txt",0.4084958769570842
"ES EDICOMDATA Manual de usuario.txt","ES EDIWIN Manual Usuario.txt",0.3496231002934507
"ES EDICOMDATA Manual de usuario.txt","ES EDIWIN Message Viewer Manual de usuario.txt",0.38618407764860424
"ES EDICOMDATA Manual de usuario.txt","ES EDIWIN Message viewer Manual de usuario_ayunt_VLC.txt",0.2386618056668179
"ES EDICOMDATA Manual de usuario.txt","ES EDIWIN Viewer Extendido Manual de usuario.txt",0.3874940307980081
"ES EDICOMDATA Manual de usuario.txt","ES EDIWINMONITOR Manual de usuario.txt",0.35518076556520434
"ES EDICOMDATA Manual de usuario.txt","ES EOS Manual de usuario.txt",0.38151097645362414
"ES EDICOMDATA Manual de usuario.txt","ES RAEDICOM Manual de Usuario.txt",0.24020751015293018
"ES EDICOMDATA Manual de usuario.txt","ES WebService Inditex Guia de usuario.txt",0.27178247548623297
"ES EDICOMDATA Manual de usuario.txt","ES_BMPAYROLLS_manual_de_usuario_publicador.txt",0.3740327122941109
"ES EDICOMDATA Manual de usuario.txt","ES_BMPHARMA_manual_de_usuario_destinatario.txt",0.3734522414082559
"ES EDICOMDATA Manual de usuario.txt","ES_BMPHARMA_manual_de_usuario_publicador.txt",0.38287598927044697
"ES EDICOMDATA Manual de usuario.txt","ES_MANUAL_EBI - Edicom Business Integrator.txt",0.29164945317483726
"ES EDICOMDATA Manual de usuario.txt","ES_MANUAL_EBI_anexo_EbimanagerWeb.txt",0.43823179569014203
"ES EDICOMDATA Manual de usuario.txt","ES_MANUAL_EBI_anexo_integracion_ftp.txt",0.12269546764092663
"ES EDICOMNET Manual Usuario.txt","ES Business@Mail Payrolls - Manual de usuario.txt",0.35272669932417167
"ES EDICOMNET Manual Usuario.txt","ES CRP FLOW Manual de usuario.txt",0.19829991981450037
"ES EDICOMNET Manual Usuario.txt","ES DVD Manual de Usuario.txt",0.3795764997556456
"ES EDICOMNET Manual Usuario.txt","ES EAS Manual de Usuario.txt",0.525432520760637
"ES EDICOMNET Manual Usuario.txt","ES EBIMAP Anexo Funciones EdiwinScript.txt",0.18246528305787518
"ES EDICOMNET Manual Usuario.txt","ES EBIMAP Anexo Sintaxis JavaScript.txt",0.1418179552303091
"ES EDICOMNET Manual Usuario.txt","ES EBIMAP Manual de usuario.txt",0.2050000695376489
"ES EDICOMNET Manual Usuario.txt","ES EBIMON Manual Usuario.txt",0.3777927677651258
"ES EDICOMNET Manual Usuario.txt","ES EDICOM TSA Manual de usuario.txt",0.16001044080642593
"ES EDICOMNET Manual Usuario.txt","ES EDICOMDATA Manual de usuario.txt",0.2736727377625159
"ES EDICOMNET Manual Usuario.txt","ES EDICOMNET Manual Usuario.txt",1.0
"ES EDICOMNET Manual Usuario.txt","ES EDICOMSuite Manual de usuario.txt",0.3577091144256278
"ES EDICOMNET Manual Usuario.txt","ES EDIWIN ASP Manual de usuario.txt",0.5247054517040565
"ES EDICOMNET Manual Usuario.txt","ES EDIWIN Manual Usuario.txt",0.4439749645575744
"ES EDICOMNET Manual Usuario.txt","ES EDIWIN Message Viewer Manual de usuario.txt",0.4725139394627472
"ES EDICOMNET Manual Usuario.txt","ES EDIWIN Message viewer Manual de usuario_ayunt_VLC.txt",0.39075957046804805
"ES EDICOMNET Manual Usuario.txt","ES EDIWIN Viewer Extendido Manual de usuario.txt",0.46744388058961606
"ES EDICOMNET Manual Usuario.txt","ES EDIWINMONITOR Manual de usuario.txt",0.43322097706693036
"ES EDICOMNET Manual Usuario.txt","ES EOS Manual de usuario.txt",0.4923926090626931
"ES EDICOMNET Manual Usuario.txt","ES RAEDICOM Manual de Usuario.txt",0.256210311222092
"ES EDICOMNET Manual Usuario.txt","ES WebService Inditex Guia de usuario.txt",0.24641560422660722
"ES EDICOMNET Manual Usuario.txt","ES_BMPAYROLLS_manual_de_usuario_publicador.txt",0.3635284100773325
"ES EDICOMNET Manual Usuario.txt","ES_BMPHARMA_manual_de_usuario_destinatario.txt",0.36172585118741757
"ES EDICOMNET Manual Usuario.txt","ES_BMPHARMA_manual_de_usuario_publicador.txt",0.38506168440527483
"ES EDICOMNET Manual Usuario.txt","ES_MANUAL_EBI - Edicom Business Integrator.txt",0.37469418211326017
"ES EDICOMNET Manual Usuario.txt","ES_MANUAL_EBI_anexo_EbimanagerWeb.txt",0.4617565233948415
"ES EDICOMNET Manual Usuario.txt","ES_MANUAL_EBI_anexo_integracion_ftp.txt",0.22015443727271272
"ES EDICOMSuite Manual de usuario.txt","ES Business@Mail Payrolls - Manual de usuario.txt",0.41571898781397665
"ES EDICOMSuite Manual de usuario.txt","ES CRP FLOW Manual de usuario.txt",0.2681140917455833
"ES EDICOMSuite Manual de usuario.txt","ES DVD Manual de Usuario.txt",0.5030985201511586
"ES EDICOMSuite Manual de usuario.txt","ES EAS Manual de Usuario.txt",0.5197147615366502
"ES EDICOMSuite Manual de usuario.txt","ES EBIMAP Anexo Funciones EdiwinScript.txt",0.2403730792833615
"ES EDICOMSuite Manual de usuario.txt","ES EBIMAP Anexo Sintaxis JavaScript.txt",0.1229546216470401
"ES EDICOMSuite Manual de usuario.txt","ES EBIMAP Manual de usuario.txt",0.36610664074521526
"ES EDICOMSuite Manual de usuario.txt","ES EBIMON Manual Usuario.txt",0.22220567743025418
"ES EDICOMSuite Manual de usuario.txt","ES EDICOM TSA Manual de usuario.txt",0.14682051159791848
"ES EDICOMSuite Manual de usuario.txt","ES EDICOMDATA Manual de usuario.txt",0.3602316750173045
"ES EDICOMSuite Manual de usuario.txt","ES EDICOMNET Manual Usuario.txt",0.3577091144256278
"ES EDICOMSuite Manual de usuario.txt","ES EDICOMSuite Manual de usuario.txt",1.0
"ES EDICOMSuite Manual de usuario.txt","ES EDIWIN ASP Manual de usuario.txt",0.6012015024860942
"ES EDICOMSuite Manual de usuario.txt","ES EDIWIN Manual Usuario.txt",0.47404161214714363
"ES EDICOMSuite Manual de usuario.txt","ES EDIWIN Message Viewer Manual de usuario.txt",0.5499845861772269
"ES EDICOMSuite Manual de usuario.txt","ES EDIWIN Message viewer Manual de usuario_ayunt_VLC.txt",0.37366678409754517
"ES EDICOMSuite Manual de usuario.txt","ES EDIWIN Viewer Extendido Manual de usuario.txt",0.5576035904757173
"ES EDICOMSuite Manual de usuario.txt","ES EDIWINMONITOR Manual de usuario.txt",0.548588495938538
"ES EDICOMSuite Manual de usuario.txt","ES EOS Manual de usuario.txt",0.5975189528285152
"ES EDICOMSuite Manual de usuario.txt","ES RAEDICOM Manual de Usuario.txt",0.2990084774614829
"ES EDICOMSuite Manual de usuario.txt","ES WebService Inditex Guia de usuario.txt",0.34493129370902254
"ES EDICOMSuite Manual de usuario.txt","ES_BMPAYROLLS_manual_de_usuario_publicador.txt",0.5375007115519312
"ES EDICOMSuite Manual de usuario.txt","ES_BMPHARMA_manual_de_usuario_destinatario.txt",0.5318393417512159
"ES EDICOMSuite Manual de usuario.txt","ES_BMPHARMA_manual_de_usuario_publicador.txt",0.5266418458246644
"ES EDICOMSuite Manual de usuario.txt","ES_MANUAL_EBI - Edicom Business Integrator.txt",0.39322950290451353
"ES EDICOMSuite Manual de usuario.txt","ES_MANUAL_EBI_anexo_EbimanagerWeb.txt",0.6140545571634453
"ES EDICOMSuite Manual de usuario.txt","ES_MANUAL_EBI_anexo_integracion_ftp.txt",0.1567474641666197
"ES EDIWIN ASP Manual de usuario.txt","ES Business@Mail Payrolls - Manual de usuario.txt",0.6042100890849901
"ES EDIWIN ASP Manual de usuario.txt","ES CRP FLOW Manual de usuario.txt",0.34456160910052186
"ES EDIWIN ASP Manual de usuario.txt","ES DVD Manual de Usuario.txt",0.7307159017847661
"ES EDIWIN ASP Manual de usuario.txt","ES EAS Manual de Usuario.txt",0.5562857539594668
"ES EDIWIN ASP Manual de usuario.txt","ES EBIMAP Anexo Funciones EdiwinScript.txt",0.31218098254507265
"ES EDIWIN ASP Manual de usuario.txt","ES EBIMAP Anexo Sintaxis JavaScript.txt",0.19679259853165754
"ES EDIWIN ASP Manual de usuario.txt","ES EBIMAP Manual de usuario.txt",0.34862311072402374
"ES EDIWIN ASP Manual de usuario.txt","ES EBIMON Manual Usuario.txt",0.4056653861204607
"ES EDIWIN ASP Manual de usuario.txt","ES EDICOM TSA Manual de usuario.txt",0.1907171686133528
"ES EDIWIN ASP Manual de usuario.txt","ES EDICOMDATA Manual de usuario.txt",0.4084958769570842
"ES EDIWIN ASP Manual de usuario.txt","ES EDICOMNET Manual Usuario.txt",0.5247054517040565
"ES EDIWIN ASP Manual de usuario.txt","ES EDICOMSuite Manual de usuario.txt",0.6012015024860942
"ES EDIWIN ASP Manual de usuario.txt","ES EDIWIN ASP Manual de usuario.txt",1.0000000000000002
"ES EDIWIN ASP Manual de usuario.txt","ES EDIWIN Manual Usuario.txt",0.8477303403515246
"ES EDIWIN ASP Manual de usuario.txt","ES EDIWIN Message Viewer Manual de usuario.txt",0.9049571159202647
"ES EDIWIN ASP Manual de usuario.txt","ES EDIWIN Message viewer Manual de usuario_ayunt_VLC.txt",0.7222459763853732
"ES EDIWIN ASP Manual de usuario.txt","ES EDIWIN Viewer Extendido Manual de usuario.txt",0.908320446752238
"ES EDIWIN ASP Manual de usuario.txt","ES EDIWINMONITOR Manual de usuario.txt",0.6880655038481026
"ES EDIWIN ASP Manual de usuario.txt","ES EOS Manual de usuario.txt",0.5973416210061815
"ES EDIWIN ASP Manual de usuario.txt","ES RAEDICOM Manual de Usuario.txt",0.4304229769303516
"ES EDIWIN ASP Manual de usuario.txt","ES WebService Inditex Guia de usuario.txt",0.4226683497726118
"ES EDIWIN ASP Manual de usuario.txt","ES_BMPAYROLLS_manual_de_usuario_publicador.txt",0.7347286587160334
"ES EDIWIN ASP Manual de usuario.txt","ES_BMPHARMA_manual_de_usuario_destinatario.txt",0.7573752300521982
"ES EDIWIN ASP Manual de usuario.txt","ES_BMPHARMA_manual_de_usuario_publicador.txt",0.7351960196292512
"ES EDIWIN ASP Manual de usuario.txt","ES_MANUAL_EBI - Edicom Business Integrator.txt",0.4336735904428105
"ES EDIWIN ASP Manual de usuario.txt","ES_MANUAL_EBI_anexo_EbimanagerWeb.txt",0.6105973772962033
"ES EDIWIN ASP Manual de usuario.txt","ES_MANUAL_EBI_anexo_integracion_ftp.txt",0.31820304222160245
"ES EDIWIN Manual Usuario.txt","ES Business@Mail Payrolls - Manual de usuario.txt",0.5163261067590564
"ES EDIWIN Manual Usuario.txt","ES CRP FLOW Manual de usuario.txt",0.43536785917852894
"ES EDIWIN Manual Usuario.txt","ES DVD Manual de Usuario.txt",0.6228043940048081
"ES EDIWIN Manual Usuario.txt","ES EAS Manual de Usuario.txt",0.44426090856831163
"ES EDIWIN Manual Usuario.txt","ES EBIMAP Anexo Funciones EdiwinScript.txt",0.3277178842866938
"ES EDIWIN Manual Usuario.txt","ES EBIMAP Anexo Sintaxis JavaScript.txt",0.18328962060191642
"ES EDIWIN Manual Usuario.txt","ES EBIMAP Manual de usuario.txt",0.460458984787647
"ES EDIWIN Manual Usuario.txt","ES EBIMON Manual Usuario.txt",0.46812121627958564
"ES EDIWIN Manual Usuario.txt","ES EDICOM TSA Manual de usuario.txt",0.1600308884678205
"ES EDIWIN Manual Usuario.txt","ES EDICOMDATA Manual de usuario.txt",0.3496231002934507
"ES EDIWIN Manual Usuario.txt","ES EDICOMNET Manual Usuario.txt",0.4439749645575744
"ES EDIWIN Manual Usuario.txt","ES EDICOMSuite Manual de usuario.txt",0.47404161214714363
"ES EDIWIN Manual Usuario.txt","ES EDIWIN ASP Manual de usuario.txt",0.8477303403515246
"ES EDIWIN Manual Usuario.txt","ES EDIWIN Manual Usuario.txt",1.0
"ES EDIWIN Manual Usuario.txt","ES EDIWIN Message Viewer Manual de usuario.txt",0.801177243257418
"ES EDIWIN Manual Usuario.txt","ES EDIWIN Message viewer Manual de usuario_ayunt_VLC.txt",0.6398422092611947
"ES EDIWIN Manual Usuario.txt","ES EDIWIN Viewer Extendido Manual de usuario.txt",0.7980417223932873
"ES EDIWIN Manual Usuario.txt","ES EDIWINMONITOR Manual de usuario.txt",0.6145429054024857
"ES EDIWIN Manual Usuario.txt","ES EOS Manual de usuario.txt",0.4584763712029598
"ES EDIWIN Manual Usuario.txt","ES RAEDICOM Manual de Usuario.txt",0.48101762785761076
"ES EDIWIN Manual Usuario.txt","ES WebService Inditex Guia de usuario.txt",0.29830217819942373
"ES EDIWIN Manual Usuario.txt","ES_BMPAYROLLS_manual_de_usuario_publicador.txt",0.6311789782091519
"ES EDIWIN Manual Usuario.txt","ES_BMPHARMA_manual_de_usuario_destinatario.txt",0.6635581992645185
"ES EDIWIN Manual Usuario.txt","ES_BMPHARMA_manual_de_usuario_publicador.txt",0.6247460126311235
"ES EDIWIN Manual Usuario.txt","ES_MANUAL_EBI - Edicom Business Integrator.txt",0.4005575656202959
"ES EDIWIN Manual Usuario.txt","ES_MANUAL_EBI_anexo_EbimanagerWeb.txt",0.49139772397339826
"ES EDIWIN Manual Usuario.txt","ES_MANUAL_EBI_anexo_integracion_ftp.txt",0.251598547199495
"ES EDIWIN Message Viewer Manual de usuario.txt","ES Business@Mail Payrolls - Manual de usuario.txt",0.5837112887271385
"ES EDIWIN Message Viewer Manual de usuario.txt","ES CRP FLOW Manual de usuario.txt",0.3339192764245781
"ES EDIWIN Message Viewer Manual de usuario.txt","ES DVD Manual de Usuario.txt",0.7865851170784631
"ES EDIWIN Message Viewer Manual de usuario.txt","ES EAS Manual de Usuario.txt",0.5303859021208764
"ES EDIWIN Message Viewer Manual de usuario.txt","ES EBIMAP Anexo Funciones EdiwinScript.txt",0.30798350015117565
"ES EDIWIN Message Viewer Manual de usuario.txt","ES EBIMAP Anexo Sintaxis JavaScript.txt",0.19238866732354157
"ES EDIWIN Message Viewer Manual de usuario.txt","ES EBIMAP Manual de usuario.txt",0.33602023053372443
"ES EDIWIN Message Viewer Manual de usuario.txt","ES EBIMON Manual Usuario.txt",0.34373319472335345
"ES EDIWIN Message Viewer Manual de usuario.txt","ES EDICOM TSA Manual de usuario.txt",0.18550386116248357
"ES EDIWIN Message Viewer Manual de usuario.txt","ES EDICOMDATA Manual de usuario.txt",0.38618407764860424
"ES EDIWIN Message Viewer Manual de usuario.txt","ES EDICOMNET Manual Usuario.txt",0.4725139394627472
"ES EDIWIN Message Viewer Manual de usuario.txt","ES EDICOMSuite Manual de usuario.txt",0.5499845861772281
"ES EDIWIN Message Viewer Manual de usuario.txt","ES EDIWIN ASP Manual de usuario.txt",0.9049571159202646
"ES EDIWIN Message Viewer Manual de usuario.txt","ES EDIWIN Manual Usuario.txt",0.8011772432574147
"ES EDIWIN Message Viewer Manual de usuario.txt","ES EDIWIN Message Viewer Manual de usuario.txt",1.0000000000000002
"ES EDIWIN Message Viewer Manual de usuario.txt","ES EDIWIN Message viewer Manual de usuario_ayunt_VLC.txt",0.7975917755173764
"ES EDIWIN Message Viewer Manual de usuario.txt","ES EDIWIN Viewer Extendido Manual de usuario.txt",0.9473393059660701
"ES EDIWIN Message Viewer Manual de usuario.txt","ES EDIWINMONITOR Manual de usuario.txt",0.657899126620061
"ES EDIWIN Message Viewer Manual de usuario.txt","ES EOS Manual de usuario.txt",0.5552039347237784
"ES EDIWIN Message Viewer Manual de usuario.txt","ES RAEDICOM Manual de Usuario.txt",0.41528874474305455
"ES EDIWIN Message Viewer Manual de usuario.txt","ES WebService Inditex Guia de usuario.txt",0.39943875116826255
"ES EDIWIN Message Viewer Manual de usuario.txt","ES_BMPAYROLLS_manual_de_usuario_publicador.txt",0.7289247250681751
"ES EDIWIN Message Viewer Manual de usuario.txt","ES_BMPHARMA_manual_de_usuario_destinatario.txt",0.7469960458649147
"ES EDIWIN Message Viewer Manual de usuario.txt","ES_BMPHARMA_manual_de_usuario_publicador.txt",0.724552762286813
"ES EDIWIN Message Viewer Manual de usuario.txt","ES_MANUAL_EBI - Edicom Business Integrator.txt",0.4065555032784906
"ES EDIWIN Message Viewer Manual de usuario.txt","ES_MANUAL_EBI_anexo_EbimanagerWeb.txt",0.5390012805243155
"ES EDIWIN Message Viewer Manual de usuario.txt","ES_MANUAL_EBI_anexo_integracion_ftp.txt",0.27088156392893775
"ES EDIWIN Message viewer Manual de usuario_ayunt_VLC.txt","ES Business@Mail Payrolls - Manual de usuario.txt",0.5027576693347489
"ES EDIWIN Message viewer Manual de usuario_ayunt_VLC.txt","ES CRP FLOW Manual de usuario.txt",0.22755239490669724
"ES EDIWIN Message viewer Manual de usuario_ayunt_VLC.txt","ES DVD Manual de Usuario.txt",0.6048668332464776
"ES EDIWIN Message viewer Manual de usuario_ayunt_VLC.txt","ES EAS Manual de Usuario.txt",0.38274403798232043
"ES EDIWIN Message viewer Manual de usuario_ayunt_VLC.txt","ES EBIMAP Anexo Funciones EdiwinScript.txt",0.2825477470560006
"ES EDIWIN Message viewer Manual de usuario_ayunt_VLC.txt","ES EBIMAP Anexo Sintaxis JavaScript.txt",0.18066182509911619
"ES EDIWIN Message viewer Manual de usuario_ayunt_VLC.txt","ES EBIMAP Manual de usuario.txt",0.19860855374513253
"ES EDIWIN Message viewer Manual de usuario_ayunt_VLC.txt","ES EBIMON Manual Usuario.txt",0.3154153467900072
"ES EDIWIN Message viewer Manual de usuario_ayunt_VLC.txt","ES EDICOM TSA Manual de usuario.txt",0.16951024447761154
"ES EDIWIN Message viewer Manual de usuario_ayunt_VLC.txt","ES EDICOMDATA Manual de usuario.txt",0.2386618056668179
"ES EDIWIN Message viewer Manual de usuario_ayunt_VLC.txt","ES EDICOMNET Manual Usuario.txt",0.39075957046804805
"ES EDIWIN Message viewer Manual de usuario_ayunt_VLC.txt","ES EDICOMSuite Manual de usuario.txt",0.37366678409754517
"ES EDIWIN Message viewer Manual de usuario_ayunt_VLC.txt","ES EDIWIN ASP Manual de usuario.txt",0.7222459763853732
"ES EDIWIN Message viewer Manual de usuario_ayunt_VLC.txt","ES EDIWIN Manual Usuario.txt",0.6398422092611947
"ES EDIWIN Message viewer Manual de usuario_ayunt_VLC.txt","ES EDIWIN Message Viewer Manual de usuario.txt",0.7975917755173775
"ES EDIWIN Message viewer Manual de usuario_ayunt_VLC.txt","ES EDIWIN Message viewer Manual de usuario_ayunt_VLC.txt",0.9999999999999998
"ES EDIWIN Message viewer Manual de usuario_ayunt_VLC.txt","ES EDIWIN Viewer Extendido Manual de usuario.txt",0.7467660665755523
"ES EDIWIN Message viewer Manual de usuario_ayunt_VLC.txt","ES EDIWINMONITOR Manual de usuario.txt",0.5058492568727352
"ES EDIWIN Message viewer Manual de usuario_ayunt_VLC.txt","ES EOS Manual de usuario.txt",0.3534195720703487
"ES EDIWIN Message viewer Manual de usuario_ayunt_VLC.txt","ES RAEDICOM Manual de Usuario.txt",0.31526827347682634
"ES EDIWIN Message viewer Manual de usuario_ayunt_VLC.txt","ES WebService Inditex Guia de usuario.txt",0.3441607043309703
"ES EDIWIN Message viewer Manual de usuario_ayunt_VLC.txt","ES_BMPAYROLLS_manual_de_usuario_publicador.txt",0.5044348790572594
"ES EDIWIN Message viewer Manual de usuario_ayunt_VLC.txt","ES_BMPHARMA_manual_de_usuario_destinatario.txt",0.5395450361610603
"ES EDIWIN Message viewer Manual de usuario_ayunt_VLC.txt","ES_BMPHARMA_manual_de_usuario_publicador.txt",0.5208473230408454
"ES EDIWIN Message viewer Manual de usuario_ayunt_VLC.txt","ES_MANUAL_EBI - Edicom Business Integrator.txt",0.37612443014244845
"ES EDIWIN Message viewer Manual de usuario_ayunt_VLC.txt","ES_MANUAL_EBI_anexo_EbimanagerWeb.txt",0.3842280722074486
"ES EDIWIN Message viewer Manual de usuario_ayunt_VLC.txt","ES_MANUAL_EBI_anexo_integracion_ftp.txt",0.3305816174619138
"ES EDIWIN Viewer Extendido Manual de usuario.txt","ES Business@Mail Payrolls - Manual de usuario.txt",0.5762051428330923
"ES EDIWIN Viewer Extendido Manual de usuario.txt","ES CRP FLOW Manual de usuario.txt",0.3383645064832815
"ES EDIWIN Viewer Extendido Manual de usuario.txt","ES DVD Manual de Usuario.txt",0.7781321670105741
"ES EDIWIN Viewer Extendido Manual de usuario.txt","ES EAS Manual de Usuario.txt",0.5225754663997909
"ES EDIWIN Viewer Extendido Manual de usuario.txt","ES EBIMAP Anexo Funciones EdiwinScript.txt",0.31658605009609647
"ES EDIWIN Viewer Extendido Manual de usuario.txt","ES EBIMAP Anexo Sintaxis JavaScript.txt",0.19964926683630632
"ES EDIWIN Viewer Extendido Manual de usuario.txt","ES EBIMAP Manual de usuario.txt",0.3413526503109409
"ES EDIWIN Viewer Extendido Manual de usuario.txt","ES EBIMON Manual Usuario.txt",0.34881588504066524
"ES EDIWIN Viewer Extendido Manual de usuario.txt","ES EDICOM TSA Manual de usuario.txt",0.18767089615861918
"ES EDIWIN Viewer Extendido Manual de usuario.txt","ES EDICOMDATA Manual de usuario.txt",0.3874940307980081
"ES EDIWIN Viewer Extendido Manual de usuario.txt","ES EDICOMNET Manual Usuario.txt",0.4674438805896155
"ES EDIWIN Viewer Extendido Manual de usuario.txt","ES EDICOMSuite Manual de usuario.txt",0.5576035904757185
"ES EDIWIN Viewer Extendido Manual de usuario.txt","ES EDIWIN ASP Manual de usuario.txt",0.9083204467522377
"ES EDIWIN Viewer Extendido Manual de usuario.txt","ES EDIWIN Manual Usuario.txt",0.7980417223932833
"ES EDIWIN Viewer Extendido Manual de usuario.txt","ES EDIWIN Message Viewer Manual de usuario.txt",0.9473393059660701
"ES EDIWIN Viewer Extendido Manual de usuario.txt","ES EDIWIN Message viewer Manual de usuario_ayunt_VLC.txt",0.7467660665755524
"ES EDIWIN Viewer Extendido Manual de usuario.txt","ES EDIWIN Viewer Extendido Manual de usuario.txt",1.0
"ES EDIWIN Viewer Extendido Manual de usuario.txt","ES EDIWINMONITOR Manual de usuario.txt",0.6524542290637796
"ES EDIWIN Viewer Extendido Manual de usuario.txt","ES EOS Manual de usuario.txt",0.5536895450293375
"ES EDIWIN Viewer Extendido Manual de usuario.txt","ES RAEDICOM Manual de Usuario.txt",0.4183342453954937
"ES EDIWIN Viewer Extendido Manual de usuario.txt","ES WebService Inditex Guia de usuario.txt",0.4002154261190774
"ES EDIWIN Viewer Extendido Manual de usuario.txt","ES_BMPAYROLLS_manual_de_usuario_publicador.txt",0.7170266939502856
"ES EDIWIN Viewer Extendido Manual de usuario.txt","ES_BMPHARMA_manual_de_usuario_destinatario.txt",0.7374057067791344
"ES EDIWIN Viewer Extendido Manual de usuario.txt","ES_BMPHARMA_manual_de_usuario_publicador.txt",0.7133874051279403
"ES EDIWIN Viewer Extendido Manual de usuario.txt","ES_MANUAL_EBI - Edicom Business Integrator.txt",0.40714722358897854
"ES EDIWIN Viewer Extendido Manual de usuario.txt","ES_MANUAL_EBI_anexo_EbimanagerWeb.txt",0.5440627434755987
"ES EDIWIN Viewer Extendido Manual de usuario.txt","ES_MANUAL_EBI_anexo_integracion_ftp.txt",0.2611560325551637
"ES EDIWINMONITOR Manual de usuario.txt","ES Business@Mail Payrolls - Manual de usuario.txt",0.5566546337420225
"ES EDIWINMONITOR Manual de usuario.txt","ES CRP FLOW Manual de usuario.txt",0.25553800688433365
"ES EDIWINMONITOR Manual de usuario.txt","ES DVD Manual de Usuario.txt",0.6285554696560451
"ES EDIWINMONITOR Manual de usuario.txt","ES EAS Manual de Usuario.txt",0.5011150592808742
"ES EDIWINMONITOR Manual de usuario.txt","ES EBIMAP Anexo Funciones EdiwinScript.txt",0.2739082100945276
"ES EDIWINMONITOR Manual de usuario.txt","ES EBIMAP Anexo Sintaxis JavaScript.txt",0.1614772397359724
"ES EDIWINMONITOR Manual de usuario.txt","ES EBIMAP Manual de usuario.txt",0.2567158845962338
"ES EDIWINMONITOR Manual de usuario.txt","ES EBIMON Manual Usuario.txt",0.2606161452749441
"ES EDIWINMONITOR Manual de usuario.txt","ES EDICOM TSA Manual de usuario.txt",0.19022474811940035
"ES EDIWINMONITOR Manual de usuario.txt","ES EDICOMDATA Manual de usuario.txt",0.3551807655652043
"ES EDIWINMONITOR Manual de usuario.txt","ES EDICOMNET Manual Usuario.txt",0.43322097706693
"ES EDIWINMONITOR Manual de usuario.txt","ES EDICOMSuite Manual de usuario.txt",0.5485884959385379
"ES EDIWINMONITOR Manual de usuario.txt","ES EDIWIN ASP Manual de usuario.txt",0.6880655038481025
"ES EDIWINMONITOR Manual de usuario.txt","ES EDIWIN Manual Usuario.txt",0.6145429054024857
"ES EDIWINMONITOR Manual de usuario.txt","ES EDIWIN Message Viewer Manual de usuario.txt",0.6578991266200618
"ES EDIWINMONITOR Manual de usuario.txt","ES EDIWIN Message viewer Manual de usuario_ayunt_VLC.txt",0.5058492568727353
"ES EDIWINMONITOR Manual de usuario.txt","ES EDIWIN Viewer Extendido Manual de usuario.txt",0.6524542290637799
"ES EDIWINMONITOR Manual de usuario.txt","ES EDIWINMONITOR Manual de usuario.txt",0.9999999999999999
"ES EDIWINMONITOR Manual de usuario.txt","ES EOS Manual de usuario.txt",0.5418199073971856
"ES EDIWINMONITOR Manual de usuario.txt","ES RAEDICOM Manual de Usuario.txt",0.2889374003558963
"ES EDIWINMONITOR Manual de usuario.txt","ES WebService Inditex Guia de usuario.txt",0.4394535086044623
"ES EDIWINMONITOR Manual de usuario.txt","ES_BMPAYROLLS_manual_de_usuario_publicador.txt",0.6520904398622435
"ES EDIWINMONITOR Manual de usuario.txt","ES_BMPHARMA_manual_de_usuario_destinatario.txt",0.6542524770696575
"ES EDIWINMONITOR Manual de usuario.txt","ES_BMPHARMA_manual_de_usuario_publicador.txt",0.6550305545433366
"ES EDIWINMONITOR Manual de usuario.txt","ES_MANUAL_EBI - Edicom Business Integrator.txt",0.4125081781492357
"ES EDIWINMONITOR Manual de usuario.txt","ES_MANUAL_EBI_anexo_EbimanagerWeb.txt",0.5527226020214226
"ES EDIWINMONITOR Manual de usuario.txt","ES_MANUAL_EBI_anexo_integracion_ftp.txt",0.23226368687514698
"ES EOS Manual de usuario.txt","ES Business@Mail Payrolls - Manual de usuario.txt",0.43313729950011703
"ES EOS Manual de usuario.txt","ES CRP FLOW Manual de usuario.txt",0.2663473943944955
"ES EOS Manual de usuario.txt","ES DVD Manual de Usuario.txt",0.5160743584798695
"ES EOS Manual de usuario.txt","ES EAS Manual de Usuario.txt",0.6841979812159406
"ES EOS Manual de usuario.txt","ES EBIMAP Anexo Funciones EdiwinScript.txt",0.20396274205357434
"ES EOS Manual de usuario.txt","ES EBIMAP Anexo Sintaxis JavaScript.txt",0.120137533038778
"ES EOS Manual de usuario.txt","ES EBIMAP Manual de usuario.txt",0.27073266627860065
"ES EOS Manual de usuario.txt","ES EBIMON Manual Usuario.txt",0.27512393517816885
"ES EOS Manual de usuario.txt","ES EDICOM TSA Manual de usuario.txt",0.20767288422331362
"ES EOS Manual de usuario.txt","ES EDICOMDATA Manual de usuario.txt",0.38151097645362214
"ES EOS Manual de usuario.txt","ES EDICOMNET Manual Usuario.txt",0.4923926090626931
"ES EOS Manual de usuario.txt","ES EDICOMSuite Manual de usuario.txt",0.5975189528285152
"ES EOS Manual de usuario.txt","ES EDIWIN ASP Manual de usuario.txt",0.5973416210061815
"ES EOS Manual de usuario.txt","ES EDIWIN Manual Usuario.txt",0.4584763712029598
"ES EOS Manual de usuario.txt","ES EDIWIN Message Viewer Manual de usuario.txt",0.5552039347237766
"ES EOS Manual de usuario.txt","ES EDIWIN Message viewer Manual de usuario_ayunt_VLC.txt",0.3534195720703487
"ES EOS Manual de usuario.txt","ES EDIWIN Viewer Extendido Manual de usuario.txt",0.5536895450293361
"ES EOS Manual de usuario.txt","ES EDIWINMONITOR Manual de usuario.txt",0.5418199073971856
"ES EOS Manual de usuario.txt","ES EOS Manual de usuario.txt",1.0
"ES EOS Manual de usuario.txt","ES RAEDICOM Manual de Usuario.txt",0.32908095001914595
"ES EOS Manual de usuario.txt","ES WebService Inditex Guia de usuario.txt",0.3608232287015931
"ES EOS Manual de usuario.txt","ES_BMPAYROLLS_manual_de_usuario_publicador.txt",0.5374094095956933
"ES EOS Manual de usuario.txt","ES_BMPHARMA_manual_de_usuario_destinatario.txt",0.5225888404199329
"ES EOS Manual de usuario.txt","ES_BMPHARMA_manual_de_usuario_publicador.txt",0.539748087920789
"ES EOS Manual de usuario.txt","ES_MANUAL_EBI - Edicom Business Integrator.txt",0.41844392838771627
"ES EOS Manual de usuario.txt","ES_MANUAL_EBI_anexo_EbimanagerWeb.txt",0.6056561446218159
"ES EOS Manual de usuario.txt","ES_MANUAL_EBI_anexo_integracion_ftp.txt",0.18032064290996125
"ES RAEDICOM Manual de Usuario.txt","ES Business@Mail Payrolls - Manual de usuario.txt",0.3109406106857386
"ES RAEDICOM Manual de Usuario.txt","ES CRP FLOW Manual de usuario.txt",0.4082765356902352
"ES RAEDICOM Manual de Usuario.txt","ES DVD Manual de Usuario.txt",0.28353149852451665
"ES RAEDICOM Manual de Usuario.txt","ES EAS Manual de Usuario.txt",0.37210612852836566
"ES RAEDICOM Manual de Usuario.txt","ES EBIMAP Anexo Funciones EdiwinScript.txt",0.17559088790215632
"ES RAEDICOM Manual de Usuario.txt","ES EBIMAP Anexo Sintaxis JavaScript.txt",0.12951737330433724
"ES RAEDICOM Manual de Usuario.txt","ES EBIMAP Manual de usuario.txt",0.4048659910124623
"ES RAEDICOM Manual de Usuario.txt","ES EBIMON Manual Usuario.txt",0.3373917785304383
"ES RAEDICOM Manual de Usuario.txt","ES EDICOM TSA Manual de usuario.txt",0.24487538596678599
"ES RAEDICOM Manual de Usuario.txt","ES EDICOMDATA Manual de usuario.txt",0.2402075101529302
"ES RAEDICOM Manual de Usuario.txt","ES EDICOMNET Manual Usuario.txt",0.256210311222092
"ES RAEDICOM Manual de Usuario.txt","ES EDICOMSuite Manual de usuario.txt",0.29900847746148285
"ES RAEDICOM Manual de Usuario.txt","ES EDIWIN ASP Manual de usuario.txt",0.4304229769303514
"ES RAEDICOM Manual de Usuario.txt","ES EDIWIN Manual Usuario.txt",0.48101762785761076
"ES RAEDICOM Manual de Usuario.txt","ES EDIWIN Message Viewer Manual de usuario.txt",0.41528874474305466
"ES RAEDICOM Manual de Usuario.txt","ES EDIWIN Message viewer Manual de usuario_ayunt_VLC.txt",0.31526827347682634
"ES RAEDICOM Manual de Usuario.txt","ES EDIWIN Viewer Extendido Manual de usuario.txt",0.4183342453954937
"ES RAEDICOM Manual de Usuario.txt","ES EDIWINMONITOR Manual de usuario.txt",0.2889374003558963
"ES RAEDICOM Manual de Usuario.txt","ES EOS Manual de usuario.txt",0.32908095001914595
"ES RAEDICOM Manual de Usuario.txt","ES RAEDICOM Manual de Usuario.txt",1.0000000000000002
"ES RAEDICOM Manual de Usuario.txt","ES WebService Inditex Guia de usuario.txt",0.17264640399249323
"ES RAEDICOM Manual de Usuario.txt","ES_BMPAYROLLS_manual_de_usuario_publicador.txt",0.29991879898517537
"ES RAEDICOM Manual de Usuario.txt","ES_BMPHARMA_manual_de_usuario_destinatario.txt",0.3432214565927909
"ES RAEDICOM Manual de Usuario.txt","ES_BMPHARMA_manual_de_usuario_publicador.txt",0.3214286393809501
"ES RAEDICOM Manual de Usuario.txt","ES_MANUAL_EBI - Edicom Business Integrator.txt",0.29805349827382155
"ES RAEDICOM Manual de Usuario.txt","ES_MANUAL_EBI_anexo_EbimanagerWeb.txt",0.38192196805243805
"ES RAEDICOM Manual de Usuario.txt","ES_MANUAL_EBI_anexo_integracion_ftp.txt",0.12988116727132498
"ES WebService Inditex Guia de usuario.txt","ES Business@Mail Payrolls - Manual de usuario.txt",0.36735849286628236
"ES WebService Inditex Guia de usuario.txt","ES CRP FLOW Manual de usuario.txt",0.14086323910057955
"ES WebService Inditex Guia de usuario.txt","ES DVD Manual de Usuario.txt",0.40246519912908785
"ES WebService Inditex Guia de usuario.txt","ES EAS Manual de Usuario.txt",0.3572592791768138
"ES WebService Inditex Guia de usuario.txt","ES EBIMAP Anexo Funciones EdiwinScript.txt",0.21025211774802216
"ES WebService Inditex Guia de usuario.txt","ES EBIMAP Anexo Sintaxis JavaScript.txt",0.17561676832674375
"ES WebService Inditex Guia de usuario.txt","ES EBIMAP Manual de usuario.txt",0.15813431278097356
"ES WebService Inditex Guia de usuario.txt","ES EBIMON Manual Usuario.txt",0.12633695350946525
"ES WebService Inditex Guia de usuario.txt","ES EDICOM TSA Manual de usuario.txt",0.25551991225925036
"ES WebService Inditex Guia de usuario.txt","ES EDICOMDATA Manual de usuario.txt",0.2717824754862327
"ES WebService Inditex Guia de usuario.txt","ES EDICOMNET Manual Usuario.txt",0.24641560422660727
"ES WebService Inditex Guia de usuario.txt","ES EDICOMSuite Manual de usuario.txt",0.34493129370902254
"ES WebService Inditex Guia de usuario.txt","ES EDIWIN ASP Manual de usuario.txt",0.4226683497726118
"ES WebService Inditex Guia de usuario.txt","ES EDIWIN Manual Usuario.txt",0.29830217819942373
"ES WebService Inditex Guia de usuario.txt","ES EDIWIN Message Viewer Manual de usuario.txt",0.3994387511682625
"ES WebService Inditex Guia de usuario.txt","ES EDIWIN Message viewer Manual de usuario_ayunt_VLC.txt",0.3441607043309711
"ES WebService Inditex Guia de usuario.txt","ES EDIWIN Viewer Extendido Manual de usuario.txt",0.4002154261190774
"ES WebService Inditex Guia de usuario.txt","ES EDIWINMONITOR Manual de usuario.txt",0.4394535086044623
"ES WebService Inditex Guia de usuario.txt","ES EOS Manual de usuario.txt",0.3608232287015931
"ES WebService Inditex Guia de usuario.txt","ES RAEDICOM Manual de Usuario.txt",0.17264640399249323
"ES WebService Inditex Guia de usuario.txt","ES WebService Inditex Guia de usuario.txt",1.0
"ES WebService Inditex Guia de usuario.txt","ES_BMPAYROLLS_manual_de_usuario_publicador.txt",0.41381098773832986
"ES WebService Inditex Guia de usuario.txt","ES_BMPHARMA_manual_de_usuario_destinatario.txt",0.40263563824925114
"ES WebService Inditex Guia de usuario.txt","ES_BMPHARMA_manual_de_usuario_publicador.txt",0.4403642303004272
"ES WebService Inditex Guia de usuario.txt","ES_MANUAL_EBI - Edicom Business Integrator.txt",0.3693599395853214
"ES WebService Inditex Guia de usuario.txt","ES_MANUAL_EBI_anexo_EbimanagerWeb.txt",0.36859854031367684
"ES WebService Inditex Guia de usuario.txt","ES_MANUAL_EBI_anexo_integracion_ftp.txt",0.17938493223042704
"ES_BMPAYROLLS_manual_de_usuario_publicador.txt","ES Business@Mail Payrolls - Manual de usuario.txt",0.8183422523877032
"ES_BMPAYROLLS_manual_de_usuario_publicador.txt","ES CRP FLOW Manual de usuario.txt",0.2655371368802067
"ES_BMPAYROLLS_manual_de_usuario_publicador.txt","ES DVD Manual de Usuario.txt",0.7618953861869978
"ES_BMPAYROLLS_manual_de_usuario_publicador.txt","ES EAS Manual de Usuario.txt",0.47788659903638847
"ES_BMPAYROLLS_manual_de_usuario_publicador.txt","ES EBIMAP Anexo Funciones EdiwinScript.txt",0.21408006732711463
"ES_BMPAYROLLS_manual_de_usuario_publicador.txt","ES EBIMAP Anexo Sintaxis JavaScript.txt",0.1340926894613365
"ES_BMPAYROLLS_manual_de_usuario_publicador.txt","ES EBIMAP Manual de usuario.txt",0.28445906721584097
"ES_BMPAYROLLS_manual_de_usuario_publicador.txt","ES EBIMON Manual Usuario.txt",0.2511190037102136
"ES_BMPAYROLLS_manual_de_usuario_publicador.txt","ES EDICOM TSA Manual de usuario.txt",0.15702792223085066
"ES_BMPAYROLLS_manual_de_usuario_publicador.txt","ES EDICOMDATA Manual de usuario.txt",0.3740327122941109
"ES_BMPAYROLLS_manual_de_usuario_publicador.txt","ES EDICOMNET Manual Usuario.txt",0.3635284100773325
"ES_BMPAYROLLS_manual_de_usuario_publicador.txt","ES EDICOMSuite Manual de usuario.txt",0.5375007115519311
"ES_BMPAYROLLS_manual_de_usuario_publicador.txt","ES EDIWIN ASP Manual de usuario.txt",0.7347286587160333
"ES_BMPAYROLLS_manual_de_usuario_publicador.txt","ES EDIWIN Manual Usuario.txt",0.6311789782091519
"ES_BMPAYROLLS_manual_de_usuario_publicador.txt","ES EDIWIN Message Viewer Manual de usuario.txt",0.7289247250681762
"ES_BMPAYROLLS_manual_de_usuario_publicador.txt","ES EDIWIN Message viewer Manual de usuario_ayunt_VLC.txt",0.5044348790572594
"ES_BMPAYROLLS_manual_de_usuario_publicador.txt","ES EDIWIN Viewer Extendido Manual de usuario.txt",0.7170266939502856
"ES_BMPAYROLLS_manual_de_usuario_publicador.txt","ES EDIWINMONITOR Manual de usuario.txt",0.6520904398622435
"ES_BMPAYROLLS_manual_de_usuario_publicador.txt","ES EOS Manual de usuario.txt",0.5374094095956933
"ES_BMPAYROLLS_manual_de_usuario_publicador.txt","ES RAEDICOM Manual de Usuario.txt",0.2999187989851756
"ES_BMPAYROLLS_manual_de_usuario_publicador.txt","ES WebService Inditex Guia de usuario.txt",0.41381098773832986
"ES_BMPAYROLLS_manual_de_usuario_publicador.txt","ES_BMPAYROLLS_manual_de_usuario_publicador.txt",1.0
"ES_BMPAYROLLS_manual_de_usuario_publicador.txt","ES_BMPHARMA_manual_de_usuario_destinatario.txt",0.8962687701075793
"ES_BMPAYROLLS_manual_de_usuario_publicador.txt","ES_BMPHARMA_manual_de_usuario_publicador.txt",0.8843743770724217
"ES_BMPAYROLLS_manual_de_usuario_publicador.txt","ES_MANUAL_EBI - Edicom Business Integrator.txt",0.351751664539973
"ES_BMPAYROLLS_manual_de_usuario_publicador.txt","ES_MANUAL_EBI_anexo_EbimanagerWeb.txt",0.560143039545476
"ES_BMPAYROLLS_manual_de_usuario_publicador.txt","ES_MANUAL_EBI_anexo_integracion_ftp.txt",0.2726215498907344
"ES_BMPHARMA_manual_de_usuario_destinatario.txt","ES Business@Mail Payrolls - Manual de usuario.txt",0.7167092704673419
"ES_BMPHARMA_manual_de_usuario_destinatario.txt","ES CRP FLOW Manual de usuario.txt",0.2869165664467894
"ES_BMPHARMA_manual_de_usuario_destinatario.txt","ES DVD Manual de Usuario.txt",0.7534174395255905
"ES_BMPHARMA_manual_de_usuario_destinatario.txt","ES EAS Manual de Usuario.txt",0.4638135438761909
"ES_BMPHARMA_manual_de_usuario_destinatario.txt","ES EBIMAP Anexo Funciones EdiwinScript.txt",0.222152600328602
"ES_BMPHARMA_manual_de_usuario_destinatario.txt","ES EBIMAP Anexo Sintaxis JavaScript.txt",0.13887797916343045
"ES_BMPHARMA_manual_de_usuario_destinatario.txt","ES EBIMAP Manual de usuario.txt",0.29489937363233415
"ES_BMPHARMA_manual_de_usuario_destinatario.txt","ES EBIMON Manual Usuario.txt",0.2740811472137237
"ES_BMPHARMA_manual_de_usuario_destinatario.txt","ES EDICOM TSA Manual de usuario.txt",0.16251786781845773
"ES_BMPHARMA_manual_de_usuario_destinatario.txt","ES EDICOMDATA Manual de usuario.txt",0.3734522414082559
"ES_BMPHARMA_manual_de_usuario_destinatario.txt","ES EDICOMNET Manual Usuario.txt",0.36172585118741757
"ES_BMPHARMA_manual_de_usuario_destinatario.txt","ES EDICOMSuite Manual de usuario.txt",0.5318393417512175
"ES_BMPHARMA_manual_de_usuario_destinatario.txt","ES EDIWIN ASP Manual de usuario.txt",0.7573752300521982
"ES_BMPHARMA_manual_de_usuario_destinatario.txt","ES EDIWIN Manual Usuario.txt",0.6635581992645185
"ES_BMPHARMA_manual_de_usuario_destinatario.txt","ES EDIWIN Message Viewer Manual de usuario.txt",0.7469960458649147
"ES_BMPHARMA_manual_de_usuario_destinatario.txt","ES EDIWIN Message viewer Manual de usuario_ayunt_VLC.txt",0.5395450361610603
"ES_BMPHARMA_manual_de_usuario_destinatario.txt","ES EDIWIN Viewer Extendido Manual de usuario.txt",0.7374057067791344
"ES_BMPHARMA_manual_de_usuario_destinatario.txt","ES EDIWINMONITOR Manual de usuario.txt",0.6542524770696575
"ES_BMPHARMA_manual_de_usuario_destinatario.txt","ES EOS Manual de usuario.txt",0.5225888404199327
"ES_BMPHARMA_manual_de_usuario_destinatario.txt","ES RAEDICOM Manual de Usuario.txt",0.34322145659279085
"ES_BMPHARMA_manual_de_usuario_destinatario.txt","ES WebService Inditex Guia de usuario.txt",0.40263563824925114
"ES_BMPHARMA_manual_de_usuario_destinatario.txt","ES_BMPAYROLLS_manual_de_usuario_publicador.txt",0.8962687701075778
"ES_BMPHARMA_manual_de_usuario_destinatario.txt","ES_BMPHARMA_manual_de_usuario_destinatario.txt",1.0000000000000002
"ES_BMPHARMA_manual_de_usuario_destinatario.txt","ES_BMPHARMA_manual_de_usuario_publicador.txt",0.9414842205208696
"ES_BMPHARMA_manual_de_usuario_destinatario.txt","ES_MANUAL_EBI - Edicom Business Integrator.txt",0.3580871827108307
"ES_BMPHARMA_manual_de_usuario_destinatario.txt","ES_MANUAL_EBI_anexo_EbimanagerWeb.txt",0.5430713230292836
"ES_BMPHARMA_manual_de_usuario_destinatario.txt","ES_MANUAL_EBI_anexo_integracion_ftp.txt",0.26421138128788185
"ES_BMPHARMA_manual_de_usuario_publicador.txt","ES Business@Mail Payrolls - Manual de usuario.txt",0.7169177500793791
"ES_BMPHARMA_manual_de_usuario_publicador.txt","ES CRP FLOW Manual de usuario.txt",0.2656479577951543
"ES_BMPHARMA_manual_de_usuario_publicador.txt","ES DVD Manual de Usuario.txt",0.7440969090749081
"ES_BMPHARMA_manual_de_usuario_publicador.txt","ES EAS Manual de Usuario.txt",0.4906111257471091
"ES_BMPHARMA_manual_de_usuario_publicador.txt","ES EBIMAP Anexo Funciones EdiwinScript.txt",0.2253523781673616
"ES_BMPHARMA_manual_de_usuario_publicador.txt","ES EBIMAP Anexo Sintaxis JavaScript.txt",0.1378257243326171
"ES_BMPHARMA_manual_de_usuario_publicador.txt","ES EBIMAP Manual de usuario.txt",0.27929749141393745
"ES_BMPHARMA_manual_de_usuario_publicador.txt","ES EBIMON Manual Usuario.txt",0.273100071729618
"ES_BMPHARMA_manual_de_usuario_publicador.txt","ES EDICOM TSA Manual de usuario.txt",0.17376486033977281
"ES_BMPHARMA_manual_de_usuario_publicador.txt","ES EDICOMDATA Manual de usuario.txt",0.38287598927044697
"ES_BMPHARMA_manual_de_usuario_publicador.txt","ES EDICOMNET Manual Usuario.txt",0.3850616844052749
"ES_BMPHARMA_manual_de_usuario_publicador.txt","ES EDICOMSuite Manual de usuario.txt",0.5266418458246678
"ES_BMPHARMA_manual_de_usuario_publicador.txt","ES EDIWIN ASP Manual de usuario.txt",0.735196019629251
"ES_BMPHARMA_manual_de_usuario_publicador.txt","ES EDIWIN Manual Usuario.txt",0.6247460126311234
"ES_BMPHARMA_manual_de_usuario_publicador.txt","ES EDIWIN Message Viewer Manual de usuario.txt",0.724552762286813
"ES_BMPHARMA_manual_de_usuario_publicador.txt","ES EDIWIN Message viewer Manual de usuario_ayunt_VLC.txt",0.5208473230408454
"ES_BMPHARMA_manual_de_usuario_publicador.txt","ES EDIWIN Viewer Extendido Manual de usuario.txt",0.7133874051279403
"ES_BMPHARMA_manual_de_usuario_publicador.txt","ES EDIWINMONITOR Manual de usuario.txt",0.6550305545433366
"ES_BMPHARMA_manual_de_usuario_publicador.txt","ES EOS Manual de usuario.txt",0.5397480879207902
"ES_BMPHARMA_manual_de_usuario_publicador.txt","ES RAEDICOM Manual de Usuario.txt",0.32142863938095007
"ES_BMPHARMA_manual_de_usuario_publicador.txt","ES WebService Inditex Guia de usuario.txt",0.4403642303004272
"ES_BMPHARMA_manual_de_usuario_publicador.txt","ES_BMPAYROLLS_manual_de_usuario_publicador.txt",0.8843743770724218
"ES_BMPHARMA_manual_de_usuario_publicador.txt","ES_BMPHARMA_manual_de_usuario_destinatario.txt",0.9414842205208696
"ES_BMPHARMA_manual_de_usuario_publicador.txt","ES_BMPHARMA_manual_de_usuario_publicador.txt",1.0
"ES_BMPHARMA_manual_de_usuario_publicador.txt","ES_MANUAL_EBI - Edicom Business Integrator.txt",0.36468815938704285
"ES_BMPHARMA_manual_de_usuario_publicador.txt","ES_MANUAL_EBI_anexo_EbimanagerWeb.txt",0.5676974256460999
"ES_BMPHARMA_manual_de_usuario_publicador.txt","ES_MANUAL_EBI_anexo_integracion_ftp.txt",0.2588148663117158
"ES_MANUAL_EBI - Edicom Business Integrator.txt","ES Business@Mail Payrolls - Manual de usuario.txt",0.32566269480250337
"ES_MANUAL_EBI - Edicom Business Integrator.txt","ES CRP FLOW Manual de usuario.txt",0.2378536211279966
"ES_MANUAL_EBI - Edicom Business Integrator.txt","ES DVD Manual de Usuario.txt",0.3782351571912564
"ES_MANUAL_EBI - Edicom Business Integrator.txt","ES EAS Manual de Usuario.txt",0.4798790314002654
"ES_MANUAL_EBI - Edicom Business Integrator.txt","ES EBIMAP Anexo Funciones EdiwinScript.txt",0.3857827369784286
"ES_MANUAL_EBI - Edicom Business Integrator.txt","ES EBIMAP Anexo Sintaxis JavaScript.txt",0.2882197259359699
"ES_MANUAL_EBI - Edicom Business Integrator.txt","ES EBIMAP Manual de usuario.txt",0.292208186943892
"ES_MANUAL_EBI - Edicom Business Integrator.txt","ES EBIMON Manual Usuario.txt",0.2627411979753479
"ES_MANUAL_EBI - Edicom Business Integrator.txt","ES EDICOM TSA Manual de usuario.txt",0.3306672074126857
"ES_MANUAL_EBI - Edicom Business Integrator.txt","ES EDICOMDATA Manual de usuario.txt",0.29164945317483726
"ES_MANUAL_EBI - Edicom Business Integrator.txt","ES EDICOMNET Manual Usuario.txt",0.37469418211326017
"ES_MANUAL_EBI - Edicom Business Integrator.txt","ES EDICOMSuite Manual de usuario.txt",0.39322950290451353
"ES_MANUAL_EBI - Edicom Business Integrator.txt","ES EDIWIN ASP Manual de usuario.txt",0.4336735904428105
"ES_MANUAL_EBI - Edicom Business Integrator.txt","ES EDIWIN Manual Usuario.txt",0.4005575656202959
"ES_MANUAL_EBI - Edicom Business Integrator.txt","ES EDIWIN Message Viewer Manual de usuario.txt",0.4065555032784906
"ES_MANUAL_EBI - Edicom Business Integrator.txt","ES EDIWIN Message viewer Manual de usuario_ayunt_VLC.txt",0.37612443014244845
"ES_MANUAL_EBI - Edicom Business Integrator.txt","ES EDIWIN Viewer Extendido Manual de usuario.txt",0.4071472235889785
"ES_MANUAL_EBI - Edicom Business Integrator.txt","ES EDIWINMONITOR Manual de usuario.txt",0.41250817814923574
"ES_MANUAL_EBI - Edicom Business Integrator.txt","ES EOS Manual de usuario.txt",0.41844392838771627
"ES_MANUAL_EBI - Edicom Business Integrator.txt","ES RAEDICOM Manual de Usuario.txt",0.29805349827382155
"ES_MANUAL_EBI - Edicom Business Integrator.txt","ES WebService Inditex Guia de usuario.txt",0.3693599395853214
"ES_MANUAL_EBI - Edicom Business Integrator.txt","ES_BMPAYROLLS_manual_de_usuario_publicador.txt",0.3517516645399731
"ES_MANUAL_EBI - Edicom Business Integrator.txt","ES_BMPHARMA_manual_de_usuario_destinatario.txt",0.3580871827108307
"ES_MANUAL_EBI - Edicom Business Integrator.txt","ES_BMPHARMA_manual_de_usuario_publicador.txt",0.36468815938704285
"ES_MANUAL_EBI - Edicom Business Integrator.txt","ES_MANUAL_EBI - Edicom Business Integrator.txt",1.0
"ES_MANUAL_EBI - Edicom Business Integrator.txt","ES_MANUAL_EBI_anexo_EbimanagerWeb.txt",0.625375007211988
"ES_MANUAL_EBI - Edicom Business Integrator.txt","ES_MANUAL_EBI_anexo_integracion_ftp.txt",0.30012359061969107
"ES_MANUAL_EBI_anexo_EbimanagerWeb.txt","ES EBIMAP Manual de usuario.txt",0.3043126374531508
"ES_MANUAL_EBI_anexo_EbimanagerWeb.txt","ES EBIMON Manual Usuario.txt",0.31670478030669635
"ES_MANUAL_EBI_anexo_EbimanagerWeb.txt","ES EDICOM TSA Manual de usuario.txt",0.21190727279509913
"ES_MANUAL_EBI_anexo_EbimanagerWeb.txt","ES EDICOMDATA Manual de usuario.txt",0.43823179569014203
"ES_MANUAL_EBI_anexo_EbimanagerWeb.txt","ES EDICOMNET Manual Usuario.txt",0.4617565233948415
"ES_MANUAL_EBI_anexo_EbimanagerWeb.txt","ES EDICOMSuite Manual de usuario.txt",0.6140545571634469
"ES_MANUAL_EBI_anexo_EbimanagerWeb.txt","ES EDIWIN ASP Manual de usuario.txt",0.6105973772962033
"ES_MANUAL_EBI_anexo_EbimanagerWeb.txt","ES EDIWIN Manual Usuario.txt",0.49139772397339826
"ES_MANUAL_EBI_anexo_EbimanagerWeb.txt","ES EDIWIN Message Viewer Manual de usuario.txt",0.5390012805243155
"ES_MANUAL_EBI_anexo_EbimanagerWeb.txt","ES EDIWIN Message viewer Manual de usuario_ayunt_VLC.txt",0.3842280722074486
"ES_MANUAL_EBI_anexo_EbimanagerWeb.txt","ES EDIWIN Viewer Extendido Manual de usuario.txt",0.5440627434755987
"ES_MANUAL_EBI_anexo_EbimanagerWeb.txt","ES EDIWINMONITOR Manual de usuario.txt",0.5527226020214226
"ES_MANUAL_EBI_anexo_EbimanagerWeb.txt","ES EOS Manual de usuario.txt",0.6056561446218165
"ES_MANUAL_EBI_anexo_EbimanagerWeb.txt","ES RAEDICOM Manual de Usuario.txt",0.38192196805243794
"ES_MANUAL_EBI_anexo_EbimanagerWeb.txt","ES WebService Inditex Guia de usuario.txt",0.3685985403136768
"ES_MANUAL_EBI_anexo_EbimanagerWeb.txt","ES_BMPAYROLLS_manual_de_usuario_publicador.txt",0.5601430395454767
"ES_MANUAL_EBI_anexo_EbimanagerWeb.txt","ES_BMPHARMA_manual_de_usuario_destinatario.txt",0.5430713230292835
"ES_MANUAL_EBI_anexo_EbimanagerWeb.txt","ES_BMPHARMA_manual_de_usuario_publicador.txt",0.5676974256460998
"ES_MANUAL_EBI_anexo_EbimanagerWeb.txt","ES_MANUAL_EBI - Edicom Business Integrator.txt",0.625375007211988
"ES_MANUAL_EBI_anexo_EbimanagerWeb.txt","ES_MANUAL_EBI_anexo_EbimanagerWeb.txt",1.0000000000000002
"ES_MANUAL_EBI_anexo_EbimanagerWeb.txt","ES_MANUAL_EBI_anexo_integracion_ftp.txt",0.20182441620264832
"ES_MANUAL_EBI_anexo_EbimanagerWeb.txt","ES Business@Mail Payrolls - Manual de usuario.txt",0.46088874346066216
"ES_MANUAL_EBI_anexo_EbimanagerWeb.txt","ES CRP FLOW Manual de usuario.txt",0.2560737916271755
"ES_MANUAL_EBI_anexo_EbimanagerWeb.txt","ES DVD Manual de Usuario.txt",0.5172151479043791
"ES_MANUAL_EBI_anexo_EbimanagerWeb.txt","ES EAS Manual de Usuario.txt",0.5692405955955754
"ES_MANUAL_EBI_anexo_EbimanagerWeb.txt","ES EBIMAP Anexo Funciones EdiwinScript.txt",0.24871308126160174
"ES_MANUAL_EBI_anexo_EbimanagerWeb.txt","ES EBIMAP Anexo Sintaxis JavaScript.txt",0.1492778225608323
"ES_MANUAL_EBI_anexo_integracion_ftp.txt","ES Business@Mail Payrolls - Manual de usuario.txt",0.2427301673758602
"ES_MANUAL_EBI_anexo_integracion_ftp.txt","ES CRP FLOW Manual de usuario.txt",0.12910404993966368
"ES_MANUAL_EBI_anexo_integracion_ftp.txt","ES DVD Manual de Usuario.txt",0.2923012382859276
"ES_MANUAL_EBI_anexo_integracion_ftp.txt","ES EAS Manual de Usuario.txt",0.2220112565277334
"ES_MANUAL_EBI_anexo_integracion_ftp.txt","ES EBIMAP Anexo Funciones EdiwinScript.txt",0.16953115042545555
"ES_MANUAL_EBI_anexo_integracion_ftp.txt","ES EBIMAP Anexo Sintaxis JavaScript.txt",0.09548383150300856
"ES_MANUAL_EBI_anexo_integracion_ftp.txt","ES EBIMAP Manual de usuario.txt",0.1326165769900477
"ES_MANUAL_EBI_anexo_integracion_ftp.txt","ES EBIMON Manual Usuario.txt",0.14238160165746352
"ES_MANUAL_EBI_anexo_integracion_ftp.txt","ES EDICOM TSA Manual de usuario.txt",0.10523555444175335
"ES_MANUAL_EBI_anexo_integracion_ftp.txt","ES EDICOMDATA Manual de usuario.txt",0.12269546764092663
"ES_MANUAL_EBI_anexo_integracion_ftp.txt","ES EDICOMNET Manual Usuario.txt",0.22015443727271272
"ES_MANUAL_EBI_anexo_integracion_ftp.txt","ES EDICOMSuite Manual de usuario.txt",0.15674746416662078
"ES_MANUAL_EBI_anexo_integracion_ftp.txt","ES EDIWIN ASP Manual de usuario.txt",0.31820304222160245
"ES_MANUAL_EBI_anexo_integracion_ftp.txt","ES EDIWIN Manual Usuario.txt",0.251598547199495
"ES_MANUAL_EBI_anexo_integracion_ftp.txt","ES EDIWIN Message Viewer Manual de usuario.txt",0.27088156392893775
"ES_MANUAL_EBI_anexo_integracion_ftp.txt","ES EDIWIN Message viewer Manual de usuario_ayunt_VLC.txt",0.3305816174619138
"ES_MANUAL_EBI_anexo_integracion_ftp.txt","ES EDIWIN Viewer Extendido Manual de usuario.txt",0.2611560325551637
"ES_MANUAL_EBI_anexo_integracion_ftp.txt","ES EDIWINMONITOR Manual de usuario.txt",0.23226368687514698
"ES_MANUAL_EBI_anexo_integracion_ftp.txt","ES EOS Manual de usuario.txt",0.18032064290996125
"ES_MANUAL_EBI_anexo_integracion_ftp.txt","ES RAEDICOM Manual de Usuario.txt",0.12988116727132498
"ES_MANUAL_EBI_anexo_integracion_ftp.txt","ES WebService Inditex Guia de usuario.txt",0.17938493223042695
"ES_MANUAL_EBI_anexo_integracion_ftp.txt","ES_BMPAYROLLS_manual_de_usuario_publicador.txt",0.2726215498907339
"ES_MANUAL_EBI_anexo_integracion_ftp.txt","ES_BMPHARMA_manual_de_usuario_destinatario.txt",0.26421138128788185
"ES_MANUAL_EBI_anexo_integracion_ftp.txt","ES_BMPHARMA_manual_de_usuario_publicador.txt",0.2588148663117158
"ES_MANUAL_EBI_anexo_integracion_ftp.txt","ES_MANUAL_EBI - Edicom Business Integrator.txt",0.30012359061969107
"ES_MANUAL_EBI_anexo_integracion_ftp.txt","ES_MANUAL_EBI_anexo_EbimanagerWeb.txt",0.20182441620264832
"ES_MANUAL_EBI_anexo_integracion_ftp.txt","ES_MANUAL_EBI_anexo_integracion_ftp.txt",1.0000000000000002
